<?xml version="1.0" encoding="UTF-8"?>
<project-private xmlns="http://www.netbeans.org/ns/project-private/1">
    <editor-bookmarks xmlns="http://www.netbeans.org/ns/editor-bookmarks/2" lastBookmarkId="0"/>
    <open-files xmlns="http://www.netbeans.org/ns/projectui-open-files/2">
        <group>
            <file>file:/C:/Users/pc-2018-3/Documents/development/xtraders-html/scss/_global.scss</file>
            <file>file:/C:/Users/pc-2018-3/Documents/development/xtraders-html/scss/chat.scss</file>
            <file>file:/C:/Users/pc-2018-3/Documents/development/xtraders-html/home-page.html</file>
            <file>file:/C:/Users/pc-2018-3/Documents/development/xtraders-html/scss/app.scss</file>
            <file>file:/C:/Users/pc-2018-3/Documents/development/xtraders-html/scss/_variables.scss</file>
            <file>file:/C:/Users/pc-2018-3/Documents/development/xtraders-html/product-page.html</file>
            <file>file:/C:/Users/pc-2018-3/Documents/development/xtraders-html/scss/dashboard.scss</file>
            <file>file:/C:/Users/pc-2018-3/Documents/development/xtraders-html/scss/login.scss</file>
            <file>file:/C:/Users/pc-2018-3/Documents/development/xtraders-html/scss/product.scss</file>
        </group>
    </open-files>
</project-private>
